<annotation>
    <folder>RGB</folder>
    <filename>2018_SJER_3_253000_4107000_image_532.tif</filename>
    <size>
        <width>400</width>
        <height>400</height>
        <depth>3</depth>
    </size>
    <segmented>0</segmented>
    <object>
        <name>Tree</name>
        <pose>Unspecified</pose>
        <truncated>0</truncated>
        <occluded>0</occluded>
        <difficult>0</difficult>
        <bndbox>
            <xmin>292</xmin>
            <ymin>70</ymin>
            <xmax>400</xmax>
            <ymax>188</ymax>
        </bndbox>
    </object>
</annotation>