<annotation>
    <folder>RGB</folder>
    <filename>2018_SJER_3_254000_4109000_image_337.tif</filename>
    <size>
        <width>400</width>
        <height>400</height>
        <depth>3</depth>
    </size>
    <segmented>0</segmented>
    <object>
        <name>Tree</name>
        <pose>Unspecified</pose>
        <truncated>0</truncated>
        <occluded>0</occluded>
        <difficult>0</difficult>
        <bndbox>
            <xmin>110</xmin>
            <ymin>269</ymin>
            <xmax>216</xmax>
            <ymax>384</ymax>
        </bndbox>
    </object>
</annotation>