<annotation>
    <folder>RGB</folder>
    <filename>2018_TEAK_3_318000_4107000_image_718.tif</filename>
    <size>
        <width>400</width>
        <height>400</height>
        <depth>3</depth>
    </size>
    <segmented>0</segmented>
    <object>
        <name>Tree</name>
        <pose>Unspecified</pose>
        <truncated>0</truncated>
        <occluded>0</occluded>
        <difficult>0</difficult>
        <bndbox>
            <xmin>270</xmin>
            <ymin>291</ymin>
            <xmax>312</xmax>
            <ymax>339</ymax>
        </bndbox>
    </object>
</annotation>