<annotation>
    <folder>samples</folder>
    <filename>2018_TEAK_3_315000_4107000_image_237.tif</filename>
    <size>
        <width>400</width>
        <height>400</height>
        <depth>3</depth>
    </size>
    <segmented>0</segmented>
    <object>
        <name>Tree</name>
        <pose>Unspecified</pose>
        <truncated>0</truncated>
        <occluded>0</occluded>
        <difficult>0</difficult>
        <bndbox>
            <xmin>353</xmin>
            <ymin>261</ymin>
            <xmax>400</xmax>
            <ymax>334</ymax>
        </bndbox>
    </object>
    <object>
        <name>Tree</name>
        <pose>Unspecified</pose>
        <truncated>0</truncated>
        <occluded>0</occluded>
        <difficult>0</difficult>
        <bndbox>
            <xmin>37</xmin>
            <ymin>84</ymin>
            <xmax>58</xmax>
            <ymax>106</ymax>
        </bndbox>
    </object>
    <object>
        <name>Tree</name>
        <pose>Unspecified</pose>
        <truncated>0</truncated>
        <occluded>0</occluded>
        <difficult>0</difficult>
        <bndbox>
            <xmin>4</xmin>
            <ymin>35</ymin>
            <xmax>49</xmax>
            <ymax>82</ymax>
        </bndbox>
    </object>
    <object>
        <name>Tree</name>
        <pose>Unspecified</pose>
        <truncated>0</truncated>
        <occluded>0</occluded>
        <difficult>0</difficult>
        <bndbox>
            <xmin>1</xmin>
            <ymin>85</ymin>
            <xmax>33</xmax>
            <ymax>125</ymax>
        </bndbox>
    </object>
    <object>
        <name>Tree</name>
        <pose>Unspecified</pose>
        <truncated>0</truncated>
        <occluded>0</occluded>
        <difficult>0</difficult>
        <bndbox>
            <xmin>47</xmin>
            <ymin>156</ymin>
            <xmax>87</xmax>
            <ymax>201</ymax>
        </bndbox>
    </object>
    <object>
        <name>Tree</name>
        <pose>Unspecified</pose>
        <truncated>0</truncated>
        <occluded>0</occluded>
        <difficult>0</difficult>
        <bndbox>
            <xmin>51</xmin>
            <ymin>12</ymin>
            <xmax>88</xmax>
            <ymax>51</ymax>
        </bndbox>
    </object>
    <object>
        <name>Tree</name>
        <pose>Unspecified</pose>
        <truncated>0</truncated>
        <occluded>0</occluded>
        <difficult>0</difficult>
        <bndbox>
            <xmin>63</xmin>
            <ymin>68</ymin>
            <xmax>94</xmax>
            <ymax>105</ymax>
        </bndbox>
    </object>
    <object>
        <name>Tree</name>
        <pose>Unspecified</pose>
        <truncated>0</truncated>
        <occluded>0</occluded>
        <difficult>0</difficult>
        <bndbox>
            <xmin>265</xmin>
            <ymin>107</ymin>
            <xmax>281</xmax>
            <ymax>128</ymax>
        </bndbox>
    </object>
    <object>
        <name>Tree</name>
        <pose>Unspecified</pose>
        <truncated>0</truncated>
        <occluded>0</occluded>
        <difficult>0</difficult>
        <bndbox>
            <xmin>203</xmin>
            <ymin>127</ymin>
            <xmax>247</xmax>
            <ymax>181</ymax>
        </bndbox>
    </object>
    <object>
        <name>Tree</name>
        <pose>Unspecified</pose>
        <truncated>0</truncated>
        <occluded>0</occluded>
        <difficult>0</difficult>
        <bndbox>
            <xmin>210</xmin>
            <ymin>198</ymin>
            <xmax>242</xmax>
            <ymax>235</ymax>
        </bndbox>
    </object>
    <object>
        <name>Tree</name>
        <pose>Unspecified</pose>
        <truncated>0</truncated>
        <occluded>0</occluded>
        <difficult>0</difficult>
        <bndbox>
            <xmin>168</xmin>
            <ymin>153</ymin>
            <xmax>212</xmax>
            <ymax>210</ymax>
        </bndbox>
    </object>
    <object>
        <name>Tree</name>
        <pose>Unspecified</pose>
        <truncated>0</truncated>
        <occluded>0</occluded>
        <difficult>0</difficult>
        <bndbox>
            <xmin>155</xmin>
            <ymin>377</ymin>
            <xmax>205</xmax>
            <ymax>400</ymax>
        </bndbox>
    </object>
    <object>
        <name>Tree</name>
        <pose>Unspecified</pose>
        <truncated>0</truncated>
        <occluded>0</occluded>
        <difficult>0</difficult>
        <bndbox>
            <xmin>385</xmin>
            <ymin>149</ymin>
            <xmax>400</xmax>
            <ymax>175</ymax>
        </bndbox>
    </object>
    <object>
        <name>Tree</name>
        <pose>Unspecified</pose>
        <truncated>0</truncated>
        <occluded>0</occluded>
        <difficult>0</difficult>
        <bndbox>
            <xmin>305</xmin>
            <ymin>227</ymin>
            <xmax>355</xmax>
            <ymax>287</ymax>
        </bndbox>
    </object>
    <object>
        <name>Tree</name>
        <pose>Unspecified</pose>
        <truncated>0</truncated>
        <occluded>0</occluded>
        <difficult>0</difficult>
        <bndbox>
            <xmin>141</xmin>
            <ymin>200</ymin>
            <xmax>173</xmax>
            <ymax>238</ymax>
        </bndbox>
    </object>
    <object>
        <name>Tree</name>
        <pose>Unspecified</pose>
        <truncated>0</truncated>
        <occluded>0</occluded>
        <difficult>0</difficult>
        <bndbox>
            <xmin>291</xmin>
            <ymin>17</ymin>
            <xmax>345</xmax>
            <ymax>54</ymax>
        </bndbox>
    </object>
    <object>
        <name>Tree</name>
        <pose>Unspecified</pose>
        <truncated>0</truncated>
        <occluded>0</occluded>
        <difficult>0</difficult>
        <bndbox>
            <xmin>275</xmin>
            <ymin>143</ymin>
            <xmax>312</xmax>
            <ymax>184</ymax>
        </bndbox>
    </object>
    <object>
        <name>Tree</name>
        <pose>Unspecified</pose>
        <truncated>0</truncated>
        <occluded>0</occluded>
        <difficult>0</difficult>
        <bndbox>
            <xmin>97</xmin>
            <ymin>89</ymin>
            <xmax>150</xmax>
            <ymax>145</ymax>
        </bndbox>
    </object>
    <object>
        <name>Tree</name>
        <pose>Unspecified</pose>
        <truncated>0</truncated>
        <occluded>0</occluded>
        <difficult>0</difficult>
        <bndbox>
            <xmin>2</xmin>
            <ymin>180</ymin>
            <xmax>57</xmax>
            <ymax>279</ymax>
        </bndbox>
    </object>
    <object>
        <name>Tree</name>
        <pose>Unspecified</pose>
        <truncated>0</truncated>
        <occluded>0</occluded>
        <difficult>0</difficult>
        <bndbox>
            <xmin>9</xmin>
            <ymin>309</ymin>
            <xmax>71</xmax>
            <ymax>383</ymax>
        </bndbox>
    </object>
    <object>
        <name>Tree</name>
        <pose>Unspecified</pose>
        <truncated>0</truncated>
        <occluded>0</occluded>
        <difficult>0</difficult>
        <bndbox>
            <xmin>84</xmin>
            <ymin>326</ymin>
            <xmax>132</xmax>
            <ymax>381</ymax>
        </bndbox>
    </object>
    <object>
        <name>Tree</name>
        <pose>Unspecified</pose>
        <truncated>0</truncated>
        <occluded>0</occluded>
        <difficult>0</difficult>
        <bndbox>
            <xmin>185</xmin>
            <ymin>319</ymin>
            <xmax>235</xmax>
            <ymax>368</ymax>
        </bndbox>
    </object>
</annotation>