<annotation>
    <folder>RGB</folder>
    <filename>2018_SJER_3_252000_4113000_image_310.tif</filename>
    <size>
        <width>400</width>
        <height>400</height>
        <depth>3</depth>
    </size>
    <segmented>0</segmented>
    <object>
        <name>Tree</name>
        <pose>Unspecified</pose>
        <truncated>1</truncated>
        <occluded>0</occluded>
        <difficult>0</difficult>
        <bndbox>
            <xmin>353</xmin>
            <ymin>3</ymin>
            <xmax>400</xmax>
            <ymax>97</ymax>
        </bndbox>
    </object>
</annotation>