<annotation>
    <folder>RGB</folder>
    <filename>CLBJ_042_2018.tif</filename>
    <size>
        <width>400</width>
        <height>400</height>
        <depth>3</depth>
    </size>
    <segmented>0</segmented>
    <object>
        <name>Tree</name>
        <pose>Unspecified</pose>
        <truncated>0</truncated>
        <occluded>0</occluded>
        <difficult>0</difficult>
        <bndbox>
            <xmin>275</xmin>
            <ymin>180</ymin>
            <xmax>295</xmax>
            <ymax>199</ymax>
        </bndbox>
    </object>
    <object>
        <name>Tree</name>
        <pose>Unspecified</pose>
        <truncated>0</truncated>
        <occluded>0</occluded>
        <difficult>0</difficult>
        <bndbox>
            <xmin>242</xmin>
            <ymin>184</ymin>
            <xmax>273</xmax>
            <ymax>210</ymax>
        </bndbox>
    </object>
    <object>
        <name>Tree</name>
        <pose>Unspecified</pose>
        <truncated>0</truncated>
        <occluded>0</occluded>
        <difficult>0</difficult>
        <bndbox>
            <xmin>275</xmin>
            <ymin>201</ymin>
            <xmax>293</xmax>
            <ymax>220</ymax>
        </bndbox>
    </object>
    <object>
        <name>Tree</name>
        <pose>Unspecified</pose>
        <truncated>0</truncated>
        <occluded>0</occluded>
        <difficult>0</difficult>
        <bndbox>
            <xmin>100</xmin>
            <ymin>81</ymin>
            <xmax>135</xmax>
            <ymax>110</ymax>
        </bndbox>
    </object>
    <object>
        <name>Tree</name>
        <pose>Unspecified</pose>
        <truncated>0</truncated>
        <occluded>0</occluded>
        <difficult>0</difficult>
        <bndbox>
            <xmin>138</xmin>
            <ymin>47</ymin>
            <xmax>168</xmax>
            <ymax>79</ymax>
        </bndbox>
    </object>
    <object>
        <name>Tree</name>
        <pose>Unspecified</pose>
        <truncated>0</truncated>
        <occluded>0</occluded>
        <difficult>0</difficult>
        <bndbox>
            <xmin>139</xmin>
            <ymin>78</ymin>
            <xmax>173</xmax>
            <ymax>113</ymax>
        </bndbox>
    </object>
    <object>
        <name>Tree</name>
        <pose>Unspecified</pose>
        <truncated>0</truncated>
        <occluded>0</occluded>
        <difficult>0</difficult>
        <bndbox>
            <xmin>162</xmin>
            <ymin>16</ymin>
            <xmax>200</xmax>
            <ymax>50</ymax>
        </bndbox>
    </object>
    <object>
        <name>Tree</name>
        <pose>Unspecified</pose>
        <truncated>0</truncated>
        <occluded>0</occluded>
        <difficult>0</difficult>
        <bndbox>
            <xmin>28</xmin>
            <ymin>180</ymin>
            <xmax>76</xmax>
            <ymax>212</ymax>
        </bndbox>
    </object>
    <object>
        <name>Tree</name>
        <pose>Unspecified</pose>
        <truncated>0</truncated>
        <occluded>0</occluded>
        <difficult>0</difficult>
        <bndbox>
            <xmin>38</xmin>
            <ymin>135</ymin>
            <xmax>75</xmax>
            <ymax>173</ymax>
        </bndbox>
    </object>
    <object>
        <name>Tree</name>
        <pose>Unspecified</pose>
        <truncated>0</truncated>
        <occluded>0</occluded>
        <difficult>0</difficult>
        <bndbox>
            <xmin>1</xmin>
            <ymin>214</ymin>
            <xmax>35</xmax>
            <ymax>237</ymax>
        </bndbox>
    </object>
    <object>
        <name>Tree</name>
        <pose>Unspecified</pose>
        <truncated>0</truncated>
        <occluded>0</occluded>
        <difficult>0</difficult>
        <bndbox>
            <xmin>102</xmin>
            <ymin>39</ymin>
            <xmax>137</xmax>
            <ymax>81</ymax>
        </bndbox>
    </object>
    <object>
        <name>Tree</name>
        <pose>Unspecified</pose>
        <truncated>0</truncated>
        <occluded>0</occluded>
        <difficult>0</difficult>
        <bndbox>
            <xmin>183</xmin>
            <ymin>126</ymin>
            <xmax>235</xmax>
            <ymax>190</ymax>
        </bndbox>
    </object>
    <object>
        <name>Tree</name>
        <pose>Unspecified</pose>
        <truncated>0</truncated>
        <occluded>0</occluded>
        <difficult>0</difficult>
        <bndbox>
            <xmin>82</xmin>
            <ymin>186</ymin>
            <xmax>114</xmax>
            <ymax>216</ymax>
        </bndbox>
    </object>
    <object>
        <name>Tree</name>
        <pose>Unspecified</pose>
        <truncated>0</truncated>
        <occluded>0</occluded>
        <difficult>0</difficult>
        <bndbox>
            <xmin>143</xmin>
            <ymin>193</ymin>
            <xmax>172</xmax>
            <ymax>221</ymax>
        </bndbox>
    </object>
    <object>
        <name>Tree</name>
        <pose>Unspecified</pose>
        <truncated>0</truncated>
        <occluded>0</occluded>
        <difficult>0</difficult>
        <bndbox>
            <xmin>244</xmin>
            <ymin>4</ymin>
            <xmax>361</xmax>
            <ymax>152</ymax>
        </bndbox>
    </object>
    <object>
        <name>Tree</name>
        <pose>Unspecified</pose>
        <truncated>0</truncated>
        <occluded>0</occluded>
        <difficult>0</difficult>
        <bndbox>
            <xmin>197</xmin>
            <ymin>1</ymin>
            <xmax>245</xmax>
            <ymax>32</ymax>
        </bndbox>
    </object>
    <object>
        <name>Tree</name>
        <pose>Unspecified</pose>
        <truncated>0</truncated>
        <occluded>0</occluded>
        <difficult>0</difficult>
        <bndbox>
            <xmin>255</xmin>
            <ymin>226</ymin>
            <xmax>277</xmax>
            <ymax>255</ymax>
        </bndbox>
    </object>
    <object>
        <name>Tree</name>
        <pose>Unspecified</pose>
        <truncated>0</truncated>
        <occluded>0</occluded>
        <difficult>0</difficult>
        <bndbox>
            <xmin>238</xmin>
            <ymin>208</ymin>
            <xmax>260</xmax>
            <ymax>227</ymax>
        </bndbox>
    </object>
    <object>
        <name>Tree</name>
        <pose>Unspecified</pose>
        <truncated>0</truncated>
        <occluded>0</occluded>
        <difficult>0</difficult>
        <bndbox>
            <xmin>42</xmin>
            <ymin>81</ymin>
            <xmax>101</xmax>
            <ymax>127</ymax>
        </bndbox>
    </object>
    <object>
        <name>Tree</name>
        <pose>Unspecified</pose>
        <truncated>0</truncated>
        <occluded>0</occluded>
        <difficult>0</difficult>
        <bndbox>
            <xmin>1</xmin>
            <ymin>153</ymin>
            <xmax>35</xmax>
            <ymax>211</ymax>
        </bndbox>
    </object>
    <object>
        <name>Tree</name>
        <pose>Unspecified</pose>
        <truncated>0</truncated>
        <occluded>0</occluded>
        <difficult>0</difficult>
        <bndbox>
            <xmin>88</xmin>
            <ymin>114</ymin>
            <xmax>178</xmax>
            <ymax>187</ymax>
        </bndbox>
    </object>
    <object>
        <name>Tree</name>
        <pose>Unspecified</pose>
        <truncated>0</truncated>
        <occluded>0</occluded>
        <difficult>0</difficult>
        <bndbox>
            <xmin>84</xmin>
            <ymin>6</ymin>
            <xmax>110</xmax>
            <ymax>29</ymax>
        </bndbox>
    </object>
    <object>
        <name>Tree</name>
        <pose>Unspecified</pose>
        <truncated>0</truncated>
        <occluded>0</occluded>
        <difficult>0</difficult>
        <bndbox>
            <xmin>119</xmin>
            <ymin>2</ymin>
            <xmax>155</xmax>
            <ymax>40</ymax>
        </bndbox>
    </object>
    <object>
        <name>Tree</name>
        <pose>Unspecified</pose>
        <truncated>0</truncated>
        <occluded>0</occluded>
        <difficult>0</difficult>
        <bndbox>
            <xmin>27</xmin>
            <ymin>48</ymin>
            <xmax>58</xmax>
            <ymax>81</ymax>
        </bndbox>
    </object>
    <object>
        <name>Tree</name>
        <pose>Unspecified</pose>
        <truncated>0</truncated>
        <occluded>0</occluded>
        <difficult>0</difficult>
        <bndbox>
            <xmin>375</xmin>
            <ymin>337</ymin>
            <xmax>400</xmax>
            <ymax>362</ymax>
        </bndbox>
    </object>
    <object>
        <name>Tree</name>
        <pose>Unspecified</pose>
        <truncated>0</truncated>
        <occluded>0</occluded>
        <difficult>0</difficult>
        <bndbox>
            <xmin>196</xmin>
            <ymin>315</ymin>
            <xmax>214</xmax>
            <ymax>331</ymax>
        </bndbox>
    </object>
    <object>
        <name>Tree</name>
        <pose>Unspecified</pose>
        <truncated>0</truncated>
        <occluded>0</occluded>
        <difficult>0</difficult>
        <bndbox>
            <xmin>195</xmin>
            <ymin>333</ymin>
            <xmax>218</xmax>
            <ymax>360</ymax>
        </bndbox>
    </object>
    <object>
        <name>Tree</name>
        <pose>Unspecified</pose>
        <truncated>0</truncated>
        <occluded>0</occluded>
        <difficult>0</difficult>
        <bndbox>
            <xmin>54</xmin>
            <ymin>28</ymin>
            <xmax>93</xmax>
            <ymax>62</ymax>
        </bndbox>
    </object>
    <object>
        <name>Tree</name>
        <pose>Unspecified</pose>
        <truncated>0</truncated>
        <occluded>0</occluded>
        <difficult>1</difficult>
        <bndbox>
            <xmin>235</xmin>
            <ymin>317</ymin>
            <xmax>257</xmax>
            <ymax>338</ymax>
        </bndbox>
    </object>
    <object>
        <name>Tree</name>
        <pose>Unspecified</pose>
        <truncated>0</truncated>
        <occluded>0</occluded>
        <difficult>0</difficult>
        <bndbox>
            <xmin>309</xmin>
            <ymin>210</ymin>
            <xmax>333</xmax>
            <ymax>231</ymax>
        </bndbox>
    </object>
    <object>
        <name>Tree</name>
        <pose>Unspecified</pose>
        <truncated>0</truncated>
        <occluded>0</occluded>
        <difficult>0</difficult>
        <bndbox>
            <xmin>275</xmin>
            <ymin>223</ymin>
            <xmax>313</xmax>
            <ymax>261</ymax>
        </bndbox>
    </object>
    <object>
        <name>Tree</name>
        <pose>Unspecified</pose>
        <truncated>0</truncated>
        <occluded>0</occluded>
        <difficult>0</difficult>
        <bndbox>
            <xmin>202</xmin>
            <ymin>204</ymin>
            <xmax>237</xmax>
            <ymax>235</ymax>
        </bndbox>
    </object>
    <object>
        <name>Tree</name>
        <pose>Unspecified</pose>
        <truncated>0</truncated>
        <occluded>0</occluded>
        <difficult>0</difficult>
        <bndbox>
            <xmin>376</xmin>
            <ymin>282</ymin>
            <xmax>400</xmax>
            <ymax>312</ymax>
        </bndbox>
    </object>
    <object>
        <name>Tree</name>
        <pose>Unspecified</pose>
        <truncated>0</truncated>
        <occluded>0</occluded>
        <difficult>0</difficult>
        <bndbox>
            <xmin>140</xmin>
            <ymin>358</ymin>
            <xmax>180</xmax>
            <ymax>400</ymax>
        </bndbox>
    </object>
    <object>
        <name>Tree</name>
        <pose>Unspecified</pose>
        <truncated>0</truncated>
        <occluded>0</occluded>
        <difficult>0</difficult>
        <bndbox>
            <xmin>209</xmin>
            <ymin>236</ymin>
            <xmax>251</xmax>
            <ymax>276</ymax>
        </bndbox>
    </object>
    <object>
        <name>Tree</name>
        <pose>Unspecified</pose>
        <truncated>0</truncated>
        <occluded>0</occluded>
        <difficult>0</difficult>
        <bndbox>
            <xmin>54</xmin>
            <ymin>59</ymin>
            <xmax>77</xmax>
            <ymax>80</ymax>
        </bndbox>
    </object>
    <object>
        <name>Tree</name>
        <pose>Unspecified</pose>
        <truncated>1</truncated>
        <occluded>0</occluded>
        <difficult>0</difficult>
        <bndbox>
            <xmin>1</xmin>
            <ymin>17</ymin>
            <xmax>29</xmax>
            <ymax>62</ymax>
        </bndbox>
    </object>
    <object>
        <name>Tree</name>
        <pose>Unspecified</pose>
        <truncated>1</truncated>
        <occluded>0</occluded>
        <difficult>0</difficult>
        <bndbox>
            <xmin>30</xmin>
            <ymin>1</ymin>
            <xmax>82</xmax>
            <ymax>32</ymax>
        </bndbox>
    </object>
    <object>
        <name>Tree</name>
        <pose>Unspecified</pose>
        <truncated>0</truncated>
        <occluded>0</occluded>
        <difficult>0</difficult>
        <bndbox>
            <xmin>172</xmin>
            <ymin>52</ymin>
            <xmax>240</xmax>
            <ymax>129</ymax>
        </bndbox>
    </object>
    <object>
        <name>Tree</name>
        <pose>Unspecified</pose>
        <truncated>0</truncated>
        <occluded>0</occluded>
        <difficult>0</difficult>
        <bndbox>
            <xmin>31</xmin>
            <ymin>280</ymin>
            <xmax>67</xmax>
            <ymax>333</ymax>
        </bndbox>
    </object>
    <object>
        <name>Tree</name>
        <pose>Unspecified</pose>
        <truncated>0</truncated>
        <occluded>0</occluded>
        <difficult>0</difficult>
        <bndbox>
            <xmin>320</xmin>
            <ymin>370</ymin>
            <xmax>369</xmax>
            <ymax>400</ymax>
        </bndbox>
    </object>
    <object>
        <name>Tree</name>
        <pose>Unspecified</pose>
        <truncated>0</truncated>
        <occluded>0</occluded>
        <difficult>0</difficult>
        <bndbox>
            <xmin>373</xmin>
            <ymin>180</ymin>
            <xmax>400</xmax>
            <ymax>223</ymax>
        </bndbox>
    </object>
    <object>
        <name>Tree</name>
        <pose>Unspecified</pose>
        <truncated>0</truncated>
        <occluded>0</occluded>
        <difficult>0</difficult>
        <bndbox>
            <xmin>258</xmin>
            <ymin>319</ymin>
            <xmax>290</xmax>
            <ymax>349</ymax>
        </bndbox>
    </object>
    <object>
        <name>Tree</name>
        <pose>Unspecified</pose>
        <truncated>1</truncated>
        <occluded>0</occluded>
        <difficult>0</difficult>
        <bndbox>
            <xmin>1</xmin>
            <ymin>308</ymin>
            <xmax>27</xmax>
            <ymax>390</ymax>
        </bndbox>
    </object>
    <object>
        <name>Tree</name>
        <pose>Unspecified</pose>
        <truncated>0</truncated>
        <occluded>0</occluded>
        <difficult>0</difficult>
        <bndbox>
            <xmin>244</xmin>
            <ymin>143</ymin>
            <xmax>276</xmax>
            <ymax>173</ymax>
        </bndbox>
    </object>
    <object>
        <name>Tree</name>
        <pose>Unspecified</pose>
        <truncated>0</truncated>
        <occluded>0</occluded>
        <difficult>0</difficult>
        <bndbox>
            <xmin>357</xmin>
            <ymin>16</ymin>
            <xmax>400</xmax>
            <ymax>74</ymax>
        </bndbox>
    </object>
    <object>
        <name>Tree</name>
        <pose>Unspecified</pose>
        <truncated>0</truncated>
        <occluded>0</occluded>
        <difficult>0</difficult>
        <bndbox>
            <xmin>365</xmin>
            <ymin>87</ymin>
            <xmax>400</xmax>
            <ymax>134</ymax>
        </bndbox>
    </object>
    <object>
        <name>Tree</name>
        <pose>Unspecified</pose>
        <truncated>0</truncated>
        <occluded>0</occluded>
        <difficult>0</difficult>
        <bndbox>
            <xmin>56</xmin>
            <ymin>214</ymin>
            <xmax>99</xmax>
            <ymax>265</ymax>
        </bndbox>
    </object>
    <object>
        <name>Tree</name>
        <pose>Unspecified</pose>
        <truncated>0</truncated>
        <occluded>0</occluded>
        <difficult>0</difficult>
        <bndbox>
            <xmin>105</xmin>
            <ymin>215</ymin>
            <xmax>170</xmax>
            <ymax>292</ymax>
        </bndbox>
    </object>
    <object>
        <name>Tree</name>
        <pose>Unspecified</pose>
        <truncated>0</truncated>
        <occluded>0</occluded>
        <difficult>0</difficult>
        <bndbox>
            <xmin>1</xmin>
            <ymin>83</ymin>
            <xmax>43</xmax>
            <ymax>152</ymax>
        </bndbox>
    </object>
    <object>
        <name>Tree</name>
        <pose>Unspecified</pose>
        <truncated>0</truncated>
        <occluded>0</occluded>
        <difficult>0</difficult>
        <bndbox>
            <xmin>371</xmin>
            <ymin>223</ymin>
            <xmax>393</xmax>
            <ymax>252</ymax>
        </bndbox>
    </object>
    <object>
        <name>Tree</name>
        <pose>Unspecified</pose>
        <truncated>0</truncated>
        <occluded>0</occluded>
        <difficult>0</difficult>
        <bndbox>
            <xmin>342</xmin>
            <ymin>183</ymin>
            <xmax>363</xmax>
            <ymax>205</ymax>
        </bndbox>
    </object>
    <object>
        <name>Tree</name>
        <pose>Unspecified</pose>
        <truncated>0</truncated>
        <occluded>0</occluded>
        <difficult>0</difficult>
        <bndbox>
            <xmin>340</xmin>
            <ymin>206</ymin>
            <xmax>371</xmax>
            <ymax>239</ymax>
        </bndbox>
    </object>
    <object>
        <name>Tree</name>
        <pose>Unspecified</pose>
        <truncated>0</truncated>
        <occluded>0</occluded>
        <difficult>0</difficult>
        <bndbox>
            <xmin>1</xmin>
            <ymin>251</ymin>
            <xmax>40</xmax>
            <ymax>302</ymax>
        </bndbox>
    </object>
    <object>
        <name>Tree</name>
        <pose>Unspecified</pose>
        <truncated>0</truncated>
        <occluded>0</occluded>
        <difficult>0</difficult>
        <bndbox>
            <xmin>328</xmin>
            <ymin>145</ymin>
            <xmax>365</xmax>
            <ymax>185</ymax>
        </bndbox>
    </object>
    <object>
        <name>Tree</name>
        <pose>Unspecified</pose>
        <truncated>0</truncated>
        <occluded>0</occluded>
        <difficult>0</difficult>
        <bndbox>
            <xmin>97</xmin>
            <ymin>325</ymin>
            <xmax>132</xmax>
            <ymax>356</ymax>
        </bndbox>
    </object>
    <object>
        <name>Tree</name>
        <pose>Unspecified</pose>
        <truncated>0</truncated>
        <occluded>0</occluded>
        <difficult>0</difficult>
        <bndbox>
            <xmin>70</xmin>
            <ymin>349</ymin>
            <xmax>147</xmax>
            <ymax>400</ymax>
        </bndbox>
    </object>
    <object>
        <name>Tree</name>
        <pose>Unspecified</pose>
        <truncated>0</truncated>
        <occluded>0</occluded>
        <difficult>0</difficult>
        <bndbox>
            <xmin>143</xmin>
            <ymin>309</ymin>
            <xmax>195</xmax>
            <ymax>353</ymax>
        </bndbox>
    </object>
    <object>
        <name>Tree</name>
        <pose>Unspecified</pose>
        <truncated>0</truncated>
        <occluded>0</occluded>
        <difficult>0</difficult>
        <bndbox>
            <xmin>216</xmin>
            <ymin>333</ymin>
            <xmax>236</xmax>
            <ymax>357</ymax>
        </bndbox>
    </object>
    <object>
        <name>Tree</name>
        <pose>Unspecified</pose>
        <truncated>0</truncated>
        <occluded>0</occluded>
        <difficult>0</difficult>
        <bndbox>
            <xmin>317</xmin>
            <ymin>323</ymin>
            <xmax>376</xmax>
            <ymax>374</ymax>
        </bndbox>
    </object>
    <object>
        <name>Tree</name>
        <pose>Unspecified</pose>
        <truncated>0</truncated>
        <occluded>0</occluded>
        <difficult>0</difficult>
        <bndbox>
            <xmin>29</xmin>
            <ymin>341</ymin>
            <xmax>60</xmax>
            <ymax>378</ymax>
        </bndbox>
    </object>
    <object>
        <name>Tree</name>
        <pose>Unspecified</pose>
        <truncated>0</truncated>
        <occluded>0</occluded>
        <difficult>0</difficult>
        <bndbox>
            <xmin>309</xmin>
            <ymin>238</ymin>
            <xmax>368</xmax>
            <ymax>302</ymax>
        </bndbox>
    </object>
    <object>
        <name>Tree</name>
        <pose>Unspecified</pose>
        <truncated>0</truncated>
        <occluded>0</occluded>
        <difficult>0</difficult>
        <bndbox>
            <xmin>246</xmin>
            <ymin>347</ymin>
            <xmax>307</xmax>
            <ymax>400</ymax>
        </bndbox>
    </object>
    <object>
        <name>Tree</name>
        <pose>Unspecified</pose>
        <truncated>0</truncated>
        <occluded>0</occluded>
        <difficult>0</difficult>
        <bndbox>
            <xmin>162</xmin>
            <ymin>244</ymin>
            <xmax>215</xmax>
            <ymax>310</ymax>
        </bndbox>
    </object>
</annotation>