<annotation>
    <folder>RGB</folder>
    <filename>HARV_041_2018.tif</filename>
    <size>
        <width>400</width>
        <height>400</height>
        <depth>3</depth>
    </size>
    <segmented>0</segmented>
    <object>
        <name>Tree</name>
        <pose>Unspecified</pose>
        <truncated>0</truncated>
        <occluded>0</occluded>
        <difficult>0</difficult>
        <bndbox>
            <xmin>376</xmin>
            <ymin>134</ymin>
            <xmax>400</xmax>
            <ymax>166</ymax>
        </bndbox>
    </object>
    <object>
        <name>Tree</name>
        <pose>Unspecified</pose>
        <truncated>1</truncated>
        <occluded>0</occluded>
        <difficult>0</difficult>
        <bndbox>
            <xmin>352</xmin>
            <ymin>371</ymin>
            <xmax>400</xmax>
            <ymax>400</ymax>
        </bndbox>
    </object>
    <object>
        <name>Tree</name>
        <pose>Unspecified</pose>
        <truncated>0</truncated>
        <occluded>0</occluded>
        <difficult>0</difficult>
        <bndbox>
            <xmin>377</xmin>
            <ymin>204</ymin>
            <xmax>400</xmax>
            <ymax>245</ymax>
        </bndbox>
    </object>
    <object>
        <name>Tree</name>
        <pose>Unspecified</pose>
        <truncated>1</truncated>
        <occluded>0</occluded>
        <difficult>0</difficult>
        <bndbox>
            <xmin>381</xmin>
            <ymin>91</ymin>
            <xmax>400</xmax>
            <ymax>136</ymax>
        </bndbox>
    </object>
    <object>
        <name>Tree</name>
        <pose>Unspecified</pose>
        <truncated>0</truncated>
        <occluded>0</occluded>
        <difficult>0</difficult>
        <bndbox>
            <xmin>93</xmin>
            <ymin>96</ymin>
            <xmax>133</xmax>
            <ymax>129</ymax>
        </bndbox>
    </object>
    <object>
        <name>Tree</name>
        <pose>Unspecified</pose>
        <truncated>0</truncated>
        <occluded>0</occluded>
        <difficult>0</difficult>
        <bndbox>
            <xmin>170</xmin>
            <ymin>315</ymin>
            <xmax>204</xmax>
            <ymax>345</ymax>
        </bndbox>
    </object>
    <object>
        <name>Tree</name>
        <pose>Unspecified</pose>
        <truncated>0</truncated>
        <occluded>0</occluded>
        <difficult>0</difficult>
        <bndbox>
            <xmin>167</xmin>
            <ymin>226</ymin>
            <xmax>196</xmax>
            <ymax>259</ymax>
        </bndbox>
    </object>
    <object>
        <name>Tree</name>
        <pose>Unspecified</pose>
        <truncated>0</truncated>
        <occluded>0</occluded>
        <difficult>0</difficult>
        <bndbox>
            <xmin>161</xmin>
            <ymin>379</ymin>
            <xmax>198</xmax>
            <ymax>400</ymax>
        </bndbox>
    </object>
    <object>
        <name>Tree</name>
        <pose>Unspecified</pose>
        <truncated>0</truncated>
        <occluded>0</occluded>
        <difficult>0</difficult>
        <bndbox>
            <xmin>13</xmin>
            <ymin>265</ymin>
            <xmax>52</xmax>
            <ymax>304</ymax>
        </bndbox>
    </object>
    <object>
        <name>Tree</name>
        <pose>Unspecified</pose>
        <truncated>0</truncated>
        <occluded>0</occluded>
        <difficult>0</difficult>
        <bndbox>
            <xmin>1</xmin>
            <ymin>208</ymin>
            <xmax>40</xmax>
            <ymax>251</ymax>
        </bndbox>
    </object>
    <object>
        <name>Tree</name>
        <pose>Unspecified</pose>
        <truncated>0</truncated>
        <occluded>0</occluded>
        <difficult>0</difficult>
        <bndbox>
            <xmin>300</xmin>
            <ymin>182</ymin>
            <xmax>317</xmax>
            <ymax>204</ymax>
        </bndbox>
    </object>
    <object>
        <name>Tree</name>
        <pose>Unspecified</pose>
        <truncated>0</truncated>
        <occluded>0</occluded>
        <difficult>0</difficult>
        <bndbox>
            <xmin>310</xmin>
            <ymin>370</ymin>
            <xmax>348</xmax>
            <ymax>400</ymax>
        </bndbox>
    </object>
    <object>
        <name>Tree</name>
        <pose>Unspecified</pose>
        <truncated>0</truncated>
        <occluded>0</occluded>
        <difficult>0</difficult>
        <bndbox>
            <xmin>66</xmin>
            <ymin>287</ymin>
            <xmax>115</xmax>
            <ymax>329</ymax>
        </bndbox>
    </object>
    <object>
        <name>Tree</name>
        <pose>Unspecified</pose>
        <truncated>0</truncated>
        <occluded>0</occluded>
        <difficult>0</difficult>
        <bndbox>
            <xmin>138</xmin>
            <ymin>1</ymin>
            <xmax>171</xmax>
            <ymax>18</ymax>
        </bndbox>
    </object>
    <object>
        <name>Tree</name>
        <pose>Unspecified</pose>
        <truncated>0</truncated>
        <occluded>0</occluded>
        <difficult>0</difficult>
        <bndbox>
            <xmin>1</xmin>
            <ymin>87</ymin>
            <xmax>35</xmax>
            <ymax>128</ymax>
        </bndbox>
    </object>
    <object>
        <name>Tree</name>
        <pose>Unspecified</pose>
        <truncated>0</truncated>
        <occluded>0</occluded>
        <difficult>0</difficult>
        <bndbox>
            <xmin>1</xmin>
            <ymin>33</ymin>
            <xmax>33</xmax>
            <ymax>65</ymax>
        </bndbox>
    </object>
    <object>
        <name>Tree</name>
        <pose>Unspecified</pose>
        <truncated>0</truncated>
        <occluded>0</occluded>
        <difficult>0</difficult>
        <bndbox>
            <xmin>256</xmin>
            <ymin>369</ymin>
            <xmax>299</xmax>
            <ymax>400</ymax>
        </bndbox>
    </object>
    <object>
        <name>Tree</name>
        <pose>Unspecified</pose>
        <truncated>0</truncated>
        <occluded>0</occluded>
        <difficult>0</difficult>
        <bndbox>
            <xmin>206</xmin>
            <ymin>377</ymin>
            <xmax>245</xmax>
            <ymax>400</ymax>
        </bndbox>
    </object>
    <object>
        <name>Tree</name>
        <pose>Unspecified</pose>
        <truncated>0</truncated>
        <occluded>0</occluded>
        <difficult>0</difficult>
        <bndbox>
            <xmin>207</xmin>
            <ymin>340</ymin>
            <xmax>239</xmax>
            <ymax>370</ymax>
        </bndbox>
    </object>
    <object>
        <name>Tree</name>
        <pose>Unspecified</pose>
        <truncated>0</truncated>
        <occluded>0</occluded>
        <difficult>0</difficult>
        <bndbox>
            <xmin>366</xmin>
            <ymin>318</ymin>
            <xmax>400</xmax>
            <ymax>368</ymax>
        </bndbox>
    </object>
    <object>
        <name>Tree</name>
        <pose>Unspecified</pose>
        <truncated>0</truncated>
        <occluded>0</occluded>
        <difficult>0</difficult>
        <bndbox>
            <xmin>341</xmin>
            <ymin>266</ymin>
            <xmax>391</xmax>
            <ymax>322</ymax>
        </bndbox>
    </object>
    <object>
        <name>Tree</name>
        <pose>Unspecified</pose>
        <truncated>0</truncated>
        <occluded>0</occluded>
        <difficult>0</difficult>
        <bndbox>
            <xmin>313</xmin>
            <ymin>316</ymin>
            <xmax>362</xmax>
            <ymax>367</ymax>
        </bndbox>
    </object>
    <object>
        <name>Tree</name>
        <pose>Unspecified</pose>
        <truncated>0</truncated>
        <occluded>0</occluded>
        <difficult>0</difficult>
        <bndbox>
            <xmin>59</xmin>
            <ymin>92</ymin>
            <xmax>88</xmax>
            <ymax>126</ymax>
        </bndbox>
    </object>
    <object>
        <name>Tree</name>
        <pose>Unspecified</pose>
        <truncated>0</truncated>
        <occluded>0</occluded>
        <difficult>0</difficult>
        <bndbox>
            <xmin>189</xmin>
            <ymin>30</ymin>
            <xmax>224</xmax>
            <ymax>69</ymax>
        </bndbox>
    </object>
    <object>
        <name>Tree</name>
        <pose>Unspecified</pose>
        <truncated>0</truncated>
        <occluded>0</occluded>
        <difficult>0</difficult>
        <bndbox>
            <xmin>316</xmin>
            <ymin>217</ymin>
            <xmax>345</xmax>
            <ymax>249</ymax>
        </bndbox>
    </object>
    <object>
        <name>Tree</name>
        <pose>Unspecified</pose>
        <truncated>0</truncated>
        <occluded>0</occluded>
        <difficult>0</difficult>
        <bndbox>
            <xmin>266</xmin>
            <ymin>316</ymin>
            <xmax>321</xmax>
            <ymax>372</ymax>
        </bndbox>
    </object>
    <object>
        <name>Tree</name>
        <pose>Unspecified</pose>
        <truncated>0</truncated>
        <occluded>0</occluded>
        <difficult>0</difficult>
        <bndbox>
            <xmin>125</xmin>
            <ymin>251</ymin>
            <xmax>168</xmax>
            <ymax>291</ymax>
        </bndbox>
    </object>
    <object>
        <name>Tree</name>
        <pose>Unspecified</pose>
        <truncated>0</truncated>
        <occluded>0</occluded>
        <difficult>0</difficult>
        <bndbox>
            <xmin>188</xmin>
            <ymin>206</ymin>
            <xmax>210</xmax>
            <ymax>233</ymax>
        </bndbox>
    </object>
    <object>
        <name>Tree</name>
        <pose>Unspecified</pose>
        <truncated>0</truncated>
        <occluded>0</occluded>
        <difficult>0</difficult>
        <bndbox>
            <xmin>374</xmin>
            <ymin>249</ymin>
            <xmax>400</xmax>
            <ymax>292</ymax>
        </bndbox>
    </object>
    <object>
        <name>Tree</name>
        <pose>Unspecified</pose>
        <truncated>0</truncated>
        <occluded>0</occluded>
        <difficult>0</difficult>
        <bndbox>
            <xmin>70</xmin>
            <ymin>1</ymin>
            <xmax>120</xmax>
            <ymax>37</ymax>
        </bndbox>
    </object>
    <object>
        <name>Tree</name>
        <pose>Unspecified</pose>
        <truncated>0</truncated>
        <occluded>0</occluded>
        <difficult>0</difficult>
        <bndbox>
            <xmin>269</xmin>
            <ymin>192</ymin>
            <xmax>308</xmax>
            <ymax>231</ymax>
        </bndbox>
    </object>
    <object>
        <name>Tree</name>
        <pose>Unspecified</pose>
        <truncated>0</truncated>
        <occluded>0</occluded>
        <difficult>0</difficult>
        <bndbox>
            <xmin>345</xmin>
            <ymin>216</ymin>
            <xmax>377</xmax>
            <ymax>256</ymax>
        </bndbox>
    </object>
    <object>
        <name>Tree</name>
        <pose>Unspecified</pose>
        <truncated>0</truncated>
        <occluded>0</occluded>
        <difficult>0</difficult>
        <bndbox>
            <xmin>328</xmin>
            <ymin>157</ymin>
            <xmax>387</xmax>
            <ymax>213</ymax>
        </bndbox>
    </object>
    <object>
        <name>Tree</name>
        <pose>Unspecified</pose>
        <truncated>0</truncated>
        <occluded>0</occluded>
        <difficult>0</difficult>
        <bndbox>
            <xmin>225</xmin>
            <ymin>182</ymin>
            <xmax>266</xmax>
            <ymax>231</ymax>
        </bndbox>
    </object>
    <object>
        <name>Tree</name>
        <pose>Unspecified</pose>
        <truncated>0</truncated>
        <occluded>0</occluded>
        <difficult>0</difficult>
        <bndbox>
            <xmin>19</xmin>
            <ymin>160</ymin>
            <xmax>50</xmax>
            <ymax>198</ymax>
        </bndbox>
    </object>
    <object>
        <name>Tree</name>
        <pose>Unspecified</pose>
        <truncated>0</truncated>
        <occluded>0</occluded>
        <difficult>0</difficult>
        <bndbox>
            <xmin>1</xmin>
            <ymin>1</ymin>
            <xmax>58</xmax>
            <ymax>33</ymax>
        </bndbox>
    </object>
    <object>
        <name>Tree</name>
        <pose>Unspecified</pose>
        <truncated>0</truncated>
        <occluded>0</occluded>
        <difficult>0</difficult>
        <bndbox>
            <xmin>300</xmin>
            <ymin>138</ymin>
            <xmax>326</xmax>
            <ymax>171</ymax>
        </bndbox>
    </object>
    <object>
        <name>Tree</name>
        <pose>Unspecified</pose>
        <truncated>0</truncated>
        <occluded>0</occluded>
        <difficult>0</difficult>
        <bndbox>
            <xmin>259</xmin>
            <ymin>99</ymin>
            <xmax>315</xmax>
            <ymax>141</ymax>
        </bndbox>
    </object>
    <object>
        <name>Tree</name>
        <pose>Unspecified</pose>
        <truncated>0</truncated>
        <occluded>0</occluded>
        <difficult>0</difficult>
        <bndbox>
            <xmin>322</xmin>
            <ymin>100</ymin>
            <xmax>371</xmax>
            <ymax>158</ymax>
        </bndbox>
    </object>
    <object>
        <name>Tree</name>
        <pose>Unspecified</pose>
        <truncated>0</truncated>
        <occluded>0</occluded>
        <difficult>0</difficult>
        <bndbox>
            <xmin>142</xmin>
            <ymin>338</ymin>
            <xmax>181</xmax>
            <ymax>374</ymax>
        </bndbox>
    </object>
    <object>
        <name>Tree</name>
        <pose>Unspecified</pose>
        <truncated>0</truncated>
        <occluded>0</occluded>
        <difficult>0</difficult>
        <bndbox>
            <xmin>83</xmin>
            <ymin>331</ymin>
            <xmax>146</xmax>
            <ymax>400</ymax>
        </bndbox>
    </object>
    <object>
        <name>Tree</name>
        <pose>Unspecified</pose>
        <truncated>0</truncated>
        <occluded>0</occluded>
        <difficult>0</difficult>
        <bndbox>
            <xmin>223</xmin>
            <ymin>24</ymin>
            <xmax>311</xmax>
            <ymax>97</ymax>
        </bndbox>
    </object>
    <object>
        <name>Tree</name>
        <pose>Unspecified</pose>
        <truncated>0</truncated>
        <occluded>0</occluded>
        <difficult>0</difficult>
        <bndbox>
            <xmin>147</xmin>
            <ymin>279</ymin>
            <xmax>182</xmax>
            <ymax>321</ymax>
        </bndbox>
    </object>
    <object>
        <name>Tree</name>
        <pose>Unspecified</pose>
        <truncated>0</truncated>
        <occluded>0</occluded>
        <difficult>0</difficult>
        <bndbox>
            <xmin>122</xmin>
            <ymin>162</ymin>
            <xmax>180</xmax>
            <ymax>225</ymax>
        </bndbox>
    </object>
    <object>
        <name>Tree</name>
        <pose>Unspecified</pose>
        <truncated>0</truncated>
        <occluded>0</occluded>
        <difficult>0</difficult>
        <bndbox>
            <xmin>199</xmin>
            <ymin>1</ymin>
            <xmax>241</xmax>
            <ymax>27</ymax>
        </bndbox>
    </object>
    <object>
        <name>Tree</name>
        <pose>Unspecified</pose>
        <truncated>0</truncated>
        <occluded>0</occluded>
        <difficult>0</difficult>
        <bndbox>
            <xmin>253</xmin>
            <ymin>141</ymin>
            <xmax>300</xmax>
            <ymax>184</ymax>
        </bndbox>
    </object>
    <object>
        <name>Tree</name>
        <pose>Unspecified</pose>
        <truncated>0</truncated>
        <occluded>0</occluded>
        <difficult>0</difficult>
        <bndbox>
            <xmin>293</xmin>
            <ymin>242</ymin>
            <xmax>339</xmax>
            <ymax>298</ymax>
        </bndbox>
    </object>
    <object>
        <name>Tree</name>
        <pose>Unspecified</pose>
        <truncated>0</truncated>
        <occluded>0</occluded>
        <difficult>0</difficult>
        <bndbox>
            <xmin>154</xmin>
            <ymin>53</ymin>
            <xmax>197</xmax>
            <ymax>90</ymax>
        </bndbox>
    </object>
    <object>
        <name>Tree</name>
        <pose>Unspecified</pose>
        <truncated>0</truncated>
        <occluded>0</occluded>
        <difficult>0</difficult>
        <bndbox>
            <xmin>86</xmin>
            <ymin>213</ymin>
            <xmax>135</xmax>
            <ymax>266</ymax>
        </bndbox>
    </object>
    <object>
        <name>Tree</name>
        <pose>Unspecified</pose>
        <truncated>0</truncated>
        <occluded>0</occluded>
        <difficult>0</difficult>
        <bndbox>
            <xmin>1</xmin>
            <ymin>301</ymin>
            <xmax>76</xmax>
            <ymax>394</ymax>
        </bndbox>
    </object>
    <object>
        <name>Tree</name>
        <pose>Unspecified</pose>
        <truncated>0</truncated>
        <occluded>0</occluded>
        <difficult>0</difficult>
        <bndbox>
            <xmin>312</xmin>
            <ymin>24</ymin>
            <xmax>383</xmax>
            <ymax>100</ymax>
        </bndbox>
    </object>
    <object>
        <name>Tree</name>
        <pose>Unspecified</pose>
        <truncated>0</truncated>
        <occluded>0</occluded>
        <difficult>0</difficult>
        <bndbox>
            <xmin>123</xmin>
            <ymin>22</ymin>
            <xmax>168</xmax>
            <ymax>59</ymax>
        </bndbox>
    </object>
    <object>
        <name>Tree</name>
        <pose>Unspecified</pose>
        <truncated>0</truncated>
        <occluded>0</occluded>
        <difficult>0</difficult>
        <bndbox>
            <xmin>17</xmin>
            <ymin>119</ymin>
            <xmax>67</xmax>
            <ymax>161</ymax>
        </bndbox>
    </object>
    <object>
        <name>Tree</name>
        <pose>Unspecified</pose>
        <truncated>0</truncated>
        <occluded>0</occluded>
        <difficult>0</difficult>
        <bndbox>
            <xmin>42</xmin>
            <ymin>183</ymin>
            <xmax>96</xmax>
            <ymax>241</ymax>
        </bndbox>
    </object>
    <object>
        <name>Tree</name>
        <pose>Unspecified</pose>
        <truncated>0</truncated>
        <occluded>0</occluded>
        <difficult>0</difficult>
        <bndbox>
            <xmin>77</xmin>
            <ymin>130</ymin>
            <xmax>125</xmax>
            <ymax>175</ymax>
        </bndbox>
    </object>
    <object>
        <name>Tree</name>
        <pose>Unspecified</pose>
        <truncated>0</truncated>
        <occluded>0</occluded>
        <difficult>0</difficult>
        <bndbox>
            <xmin>32</xmin>
            <ymin>45</ymin>
            <xmax>88</xmax>
            <ymax>102</ymax>
        </bndbox>
    </object>
    <object>
        <name>Tree</name>
        <pose>Unspecified</pose>
        <truncated>0</truncated>
        <occluded>0</occluded>
        <difficult>0</difficult>
        <bndbox>
            <xmin>86</xmin>
            <ymin>53</ymin>
            <xmax>139</xmax>
            <ymax>98</ymax>
        </bndbox>
    </object>
    <object>
        <name>Tree</name>
        <pose>Unspecified</pose>
        <truncated>0</truncated>
        <occluded>0</occluded>
        <difficult>0</difficult>
        <bndbox>
            <xmin>200</xmin>
            <ymin>241</ymin>
            <xmax>291</xmax>
            <ymax>330</ymax>
        </bndbox>
    </object>
    <object>
        <name>Tree</name>
        <pose>Unspecified</pose>
        <truncated>0</truncated>
        <occluded>0</occluded>
        <difficult>0</difficult>
        <bndbox>
            <xmin>159</xmin>
            <ymin>89</ymin>
            <xmax>256</xmax>
            <ymax>186</ymax>
        </bndbox>
    </object>
</annotation>