<annotation>
    <folder>RGB</folder>
    <filename>SJER_012_2018.tif</filename>
    <size>
        <width>400</width>
        <height>400</height>
        <depth>3</depth>
    </size>
    <segmented>0</segmented>
    <object>
        <name>Tree</name>
        <pose>Unspecified</pose>
        <truncated>0</truncated>
        <occluded>0</occluded>
        <difficult>0</difficult>
        <bndbox>
            <xmin>132</xmin>
            <ymin>194</ymin>
            <xmax>244</xmax>
            <ymax>310</ymax>
        </bndbox>
    </object>
</annotation>