<annotation>
    <folder>RGB</folder>
    <filename>SJER_003_2018.tif</filename>
    <size>
        <width>400</width>
        <height>400</height>
        <depth>3</depth>
    </size>
    <segmented>0</segmented>
    <object>
        <name>Tree</name>
        <pose>Unspecified</pose>
        <truncated>0</truncated>
        <occluded>0</occluded>
        <difficult>0</difficult>
        <bndbox>
            <xmin>136</xmin>
            <ymin>101</ymin>
            <xmax>190</xmax>
            <ymax>150</ymax>
        </bndbox>
    </object>
    <object>
        <name>Tree</name>
        <pose>Unspecified</pose>
        <truncated>0</truncated>
        <occluded>0</occluded>
        <difficult>0</difficult>
        <bndbox>
            <xmin>252</xmin>
            <ymin>270</ymin>
            <xmax>311</xmax>
            <ymax>324</ymax>
        </bndbox>
    </object>
    <object>
        <name>Tree</name>
        <pose>Unspecified</pose>
        <truncated>0</truncated>
        <occluded>0</occluded>
        <difficult>0</difficult>
        <bndbox>
            <xmin>197</xmin>
            <ymin>120</ymin>
            <xmax>260</xmax>
            <ymax>178</ymax>
        </bndbox>
    </object>
    <object>
        <name>Tree</name>
        <pose>Unspecified</pose>
        <truncated>0</truncated>
        <occluded>0</occluded>
        <difficult>0</difficult>
        <bndbox>
            <xmin>1</xmin>
            <ymin>173</ymin>
            <xmax>31</xmax>
            <ymax>238</ymax>
        </bndbox>
    </object>
    <object>
        <name>Tree</name>
        <pose>Unspecified</pose>
        <truncated>0</truncated>
        <occluded>0</occluded>
        <difficult>0</difficult>
        <bndbox>
            <xmin>317</xmin>
            <ymin>146</ymin>
            <xmax>372</xmax>
            <ymax>185</ymax>
        </bndbox>
    </object>
    <object>
        <name>Tree</name>
        <pose>Unspecified</pose>
        <truncated>0</truncated>
        <occluded>0</occluded>
        <difficult>0</difficult>
        <bndbox>
            <xmin>147</xmin>
            <ymin>204</ymin>
            <xmax>245</xmax>
            <ymax>317</ymax>
        </bndbox>
    </object>
    <object>
        <name>Tree</name>
        <pose>Unspecified</pose>
        <truncated>0</truncated>
        <occluded>0</occluded>
        <difficult>0</difficult>
        <bndbox>
            <xmin>315</xmin>
            <ymin>184</ymin>
            <xmax>376</xmax>
            <ymax>250</ymax>
        </bndbox>
    </object>
    <object>
        <name>Tree</name>
        <pose>Unspecified</pose>
        <truncated>0</truncated>
        <occluded>0</occluded>
        <difficult>0</difficult>
        <bndbox>
            <xmin>305</xmin>
            <ymin>81</ymin>
            <xmax>371</xmax>
            <ymax>137</ymax>
        </bndbox>
    </object>
    <object>
        <name>Tree</name>
        <pose>Unspecified</pose>
        <truncated>0</truncated>
        <occluded>0</occluded>
        <difficult>0</difficult>
        <bndbox>
            <xmin>125</xmin>
            <ymin>28</ymin>
            <xmax>208</xmax>
            <ymax>95</ymax>
        </bndbox>
    </object>
</annotation>