<annotation>
    <folder>RGB</folder>
    <filename>SJER_015_2018.tif</filename>
    <size>
        <width>400</width>
        <height>400</height>
        <depth>3</depth>
    </size>
    <segmented>0</segmented>
    <object>
        <name>Tree</name>
        <pose>Unspecified</pose>
        <truncated>0</truncated>
        <occluded>0</occluded>
        <difficult>0</difficult>
        <bndbox>
            <xmin>304</xmin>
            <ymin>1</ymin>
            <xmax>400</xmax>
            <ymax>40</ymax>
        </bndbox>
    </object>
    <object>
        <name>Tree</name>
        <pose>Unspecified</pose>
        <truncated>0</truncated>
        <occluded>0</occluded>
        <difficult>0</difficult>
        <bndbox>
            <xmin>369</xmin>
            <ymin>211</ymin>
            <xmax>400</xmax>
            <ymax>293</ymax>
        </bndbox>
    </object>
    <object>
        <name>Tree</name>
        <pose>Unspecified</pose>
        <truncated>0</truncated>
        <occluded>0</occluded>
        <difficult>0</difficult>
        <bndbox>
            <xmin>124</xmin>
            <ymin>237</ymin>
            <xmax>250</xmax>
            <ymax>358</ymax>
        </bndbox>
    </object>
</annotation>